constituency,Donations and other support (including loans) for activities as an MP_sum,Employment and earnings_sum,Employment and earnings - Ad hoc payments_sum,Employment and earnings - Ongoing paid employment_sum,Gifts and benefits from sources outside the UK_sum,"Gifts, benefits and hospitality from UK sources_sum",Land and property (within or outside the UK)_sum,Miscellaneous_sum,Shareholdings_sum,Visits outside the UK_sum,Con_pc,IMD rank 2019,Income,Employment,"Education, skills and training",Health deprivation and disability,Crime,Barriers to housing and services,Living environment,sum_outside_payment
Aldershot,31350.0,0.0,0.0,0.0,0.0,0.0,0.0,0.0,0.0,0.0,0.432053138,387,347,438,300,337,266,264,449,
Aldridge-Brownhills,9000.0,0.0,0.0,0.0,0.0,0.0,0.0,0.0,0.0,0.0,0.536546803,313,294,277,250,205,381,394,271,
Altrincham and Sale West,10500.0,0.0,19432.239999999998,0.0,0.0,0.0,0.0,0.0,0.0,0.0,0.505380286,484,450,425,523,370,315,494,336,
Amber Valley,22446.97,0.0,0.0,0.0,0.0,500.0,0.0,0.0,0.0,0.0,0.438662533,243,226,176,92,174,447,443,378,
Arundel and South Downs,44500.0,0.0,0.0,0.0,0.0,400.0,0.0,0.0,0.0,0.0,0.5423973,452,500,498,435,466,493,74,168,
Ashfield,0.0,0.0,2720.13,100000.0,0.0,0.0,0.0,0.0,0.0,0.0,0.420580714,125,137,93,44,94,186,416,475,
Ashford,0.0,0.0,586.07,6330.67,0.0,0.0,0.0,0.0,0.0,0.0,0.455048448,297,270,293,209,356,215,129,466,
Ashton-under-Lyne,99929.5,0.0,0.0,0.0,836.0,5228.0,0.0,0.0,0.0,0.0,0.466723311,54,70,61,84,29,21,465,153,
Aylesbury,15000.0,0.0,2221.6,0.0,0.0,0.0,0.0,0.0,0.0,0.0,0.457337572,418,409,421,242,438,350,212,504,
Banbury,15000.0,0.0,0.0,2583.19,0.0,0.0,0.0,0.0,0.0,0.0,0.506849046,358,378,395,228,351,385,229,243,
Barking,5001.0,0.0,0.0,7692.0,0.0,0.0,0.0,0.0,0.0,0.0,0.437003049,60,57,149,182,201,75,3,108,
Barnsley North,44000.0,0.0,0.0,0.0,0.0,665.0,0.0,0.0,0.0,0.0,0.513110048,97,107,63,31,51,81,527,511,
Barnsley South,2000.0,0.0,0.0,0.0,0.0,3411.3599999999997,0.0,0.0,0.0,0.0,0.497191627,41,60,21,15,16,46,530,505,
Barrow and Furness,63000.0,0.0,0.0,0.0,0.0,0.0,0.0,0.0,0.0,0.0,0.543526683,140,192,104,203,37,476,524,59,
Basildon and Billericay,15000.0,0.0,0.0,0.0,0.0,400.0,0.0,0.0,0.0,0.0,0.465833511,192,162,194,93,283,128,153,490,
Basingstoke,39000.0,0.0,0.0,0.0,0.0,0.0,0.0,0.0,0.0,0.0,0.426395339,376,391,392,243,343,247,257,497,
Bassetlaw,25464.0,0.0,184.63,0.0,0.0,700.0,0.0,0.0,0.0,0.0,0.549058559,198,216,148,124,132,235,352,444,
Bath,0.0,0.0,0.0,0.0,0.0,0.0,0.0,0.0,0.0,0.0,0.391598559,453,408,433,430,435,339,457,364,
Battersea,21436.0,0.0,2000.0,0.0,0.0,0.0,0.0,0.0,0.0,0.0,0.435972782,322,311,435,517,361,202,114,52,
Beaconsfield,26500.0,0.0,0.0,0.0,0.0,0.0,0.0,0.0,0.0,0.0,0.482518062,513,508,521,470,523,363,221,470,
Beckenham and Penge,44000.0,0.0,0.0,0.0,0.0,2945.0,0.0,0.0,0.0,0.0,0.463947737,400,368,401,500,491,270,78,224,
Bedford,4250.0,0.0,0.0,0.0,707.0,400.0,0.0,0.0,0.0,0.0,0.465853082,199,181,175,188,208,206,190,254,
Bermondsey and Old Southwark,6250.0,0.0,0.0,0.0,0.0,0.0,0.0,0.0,0.0,0.0,0.41181411,177,172,310,448,209,140,32,50,
Bethnal Green and Stepney,0.0,0.0,0.0,0.0,0.0,0.0,0.0,0.0,0.0,0.0,0.183231039,90,45,181,342,165,49,50,42,
Beverley and Holderness,12000.0,0.0,0.0,0.0,0.0,0.0,0.0,0.0,0.0,0.0,0.527529496,367,351,298,350,380,440,255,361,
Bexhill and Battle,5000.0,0.0,0.0,0.0,0.0,0.0,0.0,0.0,0.0,0.0,0.509376157,289,286,222,311,288,422,133,218,
Bexleyheath and Crayford,0.0,0.0,0.0,0.0,0.0,0.0,0.0,0.0,0.0,0.0,0.499234769,323,301,305,258,396,299,140,266,
Bicester and Woodstock,64500.0,0.0,1887.91,1113.0,0.0,1283.11,0.0,0.0,0.0,0.0,0.507745386,479,516,514,358,437,480,146,343,
Birkenhead,5000.0,0.0,0.0,0.0,0.0,1048.0,0.0,0.0,0.0,0.0,0.528982966,20,18,4,107,5,146,529,106,
Birmingham Edgbaston,10000.0,0.0,0.0,0.0,0.0,476.0,0.0,0.0,0.0,0.0,0.387408508,80,104,125,261,135,143,34,41,
Birmingham Erdington,0.0,0.0,913.6,300.0,0.0,600.0,0.0,0.0,0.0,0.0,0.458236459,11,19,11,41,28,100,52,4,
Birmingham Hall Green and Moseley,15000.0,0.0,0.0,0.0,0.0,0.0,0.0,0.0,0.0,0.0,0.189253014,28,21,46,130,110,174,43,5,
Birmingham Hodge Hill and Solihull North,0.0,0.0,4550.0,0.0,0.0,0.0,0.0,0.0,0.0,0.0,0.321757404,7,7,8,4,57,82,64,35,
Birmingham Ladywood,153968.0,0.0,0.0,0.0,0.0,0.0,0.0,0.0,0.0,0.0,0.222750469,4,1,29,19,48,91,14,24,
Birmingham Northfield,13818.66,0.0,2772.3,5704.29,0.0,0.0,0.0,0.0,0.0,0.0,0.4677979,22,23,30,76,52,56,67,86,
Birmingham Perry Barr,0.0,0.0,0.0,0.0,0.0,0.0,0.0,0.0,0.0,0.0,0.255937238,14,9,22,50,111,137,35,8,
Birmingham Selly Oak,2000.0,0.0,0.0,0.0,0.0,0.0,0.0,0.0,0.0,0.0,0.388904836,79,105,141,237,80,147,69,28,
Birmingham Yardley,3000.0,0.0,68986.28,0.0,0.0,310.0,0.0,0.0,0.0,0.0,0.29986698,19,27,43,35,77,166,37,2,
Bishop Auckland,32000.0,0.0,2407.62,0.0,0.0,0.0,0.0,0.0,0.0,0.0,0.581151662,109,89,53,164,79,180,418,433,
Blackburn,1950.0,0.0,0.0,4250.0,0.0,0.0,0.0,0.0,0.0,0.0,0.312964264,21,15,15,34,10,110,507,83,
Blackley and Middleton South,0.0,0.0,0.0,0.0,0.0,0.0,0.0,0.0,0.0,0.0,0.51200065,12,12,9,69,12,1,227,165,
Blackpool North and Fleetwood,15000.0,0.0,0.0,18481.39,0.0,0.0,0.0,0.0,0.0,0.0,0.558927237,132,139,84,171,43,256,523,209,
Blackpool South,37500.0,0.0,0.0,0.0,0.0,1600.0,0.0,0.0,0.0,0.0,0.496102496,2,3,1,18,1,8,516,13,
Blaydon and Consett,5667.0,0.0,0.0,0.0,0.0,0.0,0.0,0.0,0.0,0.0,0.554974051,239,178,140,272,118,287,452,522,
Blyth and Ashington,20000.0,0.0,0.0,0.0,0.0,0.0,0.0,0.0,0.0,0.0,0.488260321,62,67,20,64,78,37,385,532,
Bognor Regis and Littlehampton,9500.0,0.0,0.0,0.0,0.0,0.0,0.0,0.0,0.0,0.0,0.511143284,241,262,215,145,171,291,154,401,
Bolsover,34046.0,0.0,0.0,3323.81,0.0,0.0,0.0,0.0,0.0,0.0,0.483621697,169,165,112,55,99,445,467,404,
Bolton North East,21000.0,0.0,0.0,2463.56,0.0,0.0,0.0,0.0,0.0,0.0,0.487034534,68,66,49,126,86,50,480,155,
Bolton South and Walkden,15000.0,0.0,0.0,0.0,0.0,0.0,0.0,0.0,0.0,0.0,0.408455835,17,11,12,42,30,7,429,167,
Bolton West,17000.0,0.0,5695.38,0.0,0.0,394.0,0.0,0.0,0.0,0.0,0.551205861,253,247,207,373,175,124,475,231,
Boston and Skegness,0.0,0.0,0.0,11685.0,0.0,0.0,0.0,0.0,0.0,0.0,0.574171615,101,134,100,13,146,362,247,177,
Bournemouth East,35070.85,0.0,2423.6,0.0,0.0,0.0,0.0,0.0,0.0,0.0,0.471534908,232,215,191,303,196,188,330,179,
Bournemouth West,50000.0,0.0,0.0,0.0,0.0,0.0,0.0,0.0,0.0,0.0,0.42316194,223,221,235,208,195,181,218,242,
Bracknell,3000.0,0.0,734.71,0.0,0.0,0.0,0.0,0.0,0.0,0.0,0.461549043,465,439,461,273,464,488,134,525,
Bradford East,11620.0,0.0,0.0,0.0,0.0,0.0,0.0,0.0,0.0,0.0,0.25859287,9,14,38,1,58,4,395,11,
Bradford West,44500.0,0.0,9225.0,0.0,0.0,0.0,0.0,0.0,0.0,0.0,0.197206543,13,17,36,9,42,6,368,21,
Braintree,297500.0,0.0,0.0,0.0,0.0,0.0,0.0,0.0,0.0,0.0,0.473025141,390,387,377,239,392,374,182,381,
Brent East,14971.0,0.0,1000.0,0.0,0.0,0.0,0.0,0.0,0.0,0.0,0.414843396,103,88,151,309,329,69,6,115,
Brent West,24500.0,0.0,6000.0,33000.0,0.0,0.0,0.0,0.0,0.0,0.0,0.34579677,245,239,373,407,449,210,4,166,
Brentford and Isleworth,0.0,0.0,0.0,0.0,0.0,418.0,0.0,0.0,0.0,0.0,0.386838916,258,252,353,484,350,113,26,95,
Brentwood and Ongar,7817.24,0.0,0.0,0.0,0.0,0.0,0.0,0.0,0.0,0.0,0.553430019,458,461,479,372,496,257,173,454,
Bridgwater,7500.0,0.0,0.0,1080.0,0.0,1367.0,0.0,0.0,0.0,0.0,0.497731946,187,205,166,109,226,237,342,130,
Bridlington and The Wolds,40000.0,0.0,0.0,0.0,0.0,0.0,0.0,0.0,0.0,0.0,0.539912745,203,198,138,221,256,337,226,240,
Brigg and Immingham,5870.98,0.0,0.0,0.0,0.0,0.0,0.0,0.0,0.0,0.0,0.529215781,334,304,267,262,275,404,381,398,
Brighton Kemptown and Peacehaven,2767.33,0.0,2634.1,0.0,0.0,1660.0,0.0,0.0,0.0,0.0,0.358199566,131,133,124,74,149,254,137,351,
Brighton Pavilion,174786.07,0.0,0.0,0.0,0.0,0.0,0.0,0.0,0.0,0.0,0.260864501,330,346,366,421,298,280,241,113,
Bristol Central,196265.27,0.0,2201.1,0.0,0.0,5664.94,0.0,0.0,0.0,0.0,0.239064969,314,426,482,489,286,64,98,88,
Bristol East,5000.0,0.0,0.0,0.0,0.0,350.0,0.0,0.0,0.0,0.0,0.318777372,96,119,123,79,126,38,158,199,
Bristol North East,5000.0,0.0,0.0,0.0,0.0,0.0,0.0,0.0,0.0,0.0,0.362561137,163,167,156,115,232,58,197,350,
Bristol North West,135061.83000000002,0.0,0.0,0.0,0.0,6155.0,0.0,0.0,0.0,0.0,0.39301446,229,250,246,219,227,66,292,338,
Bristol South,0.0,0.0,0.0,0.0,0.0,0.0,0.0,0.0,0.0,0.0,0.32337429,64,97,120,27,81,16,269,274,
Broadland and Fakenham,0.0,0.0,0.0,3000.0,0.0,0.0,0.0,0.0,0.0,0.0,0.493977969,398,422,379,298,381,527,113,267,
Bromley and Biggin Hill,13500.0,0.0,0.0,0.0,0.0,301.0,0.0,0.0,0.0,0.0,0.485910512,451,440,465,498,497,304,71,318,
Bromsgrove,13000.0,0.0,4342.08,0.0,0.0,3608.9500000000003,0.0,0.0,0.0,0.0,0.535121946,455,446,419,450,386,310,343,456,
Broxbourne,33023.520000000004,0.0,548.39,11751.0,0.0,4006.95,0.0,0.0,0.0,0.0,0.528608595,317,316,345,197,461,253,55,402,
Broxtowe,13321.0,0.0,0.0,0.0,0.0,500.0,0.0,0.0,0.0,0.0,0.418103357,386,332,291,328,332,347,528,331,
Buckingham and Bletchley,15000.0,0.0,0.0,6855.68,0.0,460.0,0.0,0.0,0.0,0.0,0.470236856,355,341,399,291,384,389,54,451,
Burnley,39000.0,0.0,0.0,0.0,0.0,0.0,0.0,0.0,0.0,0.0,0.456090548,31,50,37,52,19,45,526,40,
Burton and Uttoxeter,17000.0,0.0,651.02,0.0,0.0,0.0,0.0,0.0,0.0,0.0,0.493091038,263,291,265,185,221,306,364,114,
Bury North,40500.0,0.0,0.0,0.0,0.0,13054.720000000001,0.0,0.0,0.0,0.0,0.520545953,191,177,129,270,168,132,446,216,
Bury South,0.0,0.0,0.0,0.0,0.0,0.0,0.0,0.0,0.0,0.0,0.420852423,168,149,121,265,161,96,433,223,
Bury St Edmunds and Stowmarket,0.0,0.0,6733.04,393.5,0.0,0.0,0.0,0.0,0.0,0.0,0.481145636,405,421,416,305,400,414,94,469,
Calder Valley,23000.0,0.0,0.0,2197.4,0.0,0.0,0.0,0.0,0.0,0.0,0.446919139,262,281,247,408,236,167,469,32,
Camborne and Redruth,29530.0,0.0,0.0,0.0,0.0,0.0,0.0,0.0,0.0,0.0,0.424905394,145,148,127,266,176,398,275,17,
Cambridge,0.0,0.0,0.0,0.0,0.0,0.0,0.0,0.0,0.0,0.0,0.345043237,359,419,471,454,382,176,165,103,
Cannock Chase,27500.0,0.0,0.0,0.0,0.0,0.0,0.0,0.0,0.0,0.0,0.524348631,254,220,195,105,213,318,449,375,
Canterbury,12000.0,0.0,0.0,0.0,0.0,0.0,0.0,0.0,0.0,0.0,0.4510674,363,373,405,338,335,222,139,465,
Carlisle,20000.0,0.0,1920.0,0.0,0.0,0.0,0.0,0.0,0.0,0.0,0.527434421,213,251,174,110,151,355,400,280,
Carshalton and Wallington,28252.0,0.0,1047.83,119.52,0.0,1475.85,0.0,0.0,0.0,0.0,0.458543228,319,268,295,366,367,260,209,208,
Castle Point,18000.0,0.0,0.0,0.0,0.0,0.0,0.0,0.0,0.0,0.0,0.486799707,318,300,279,111,338,324,312,495,
Central Devon,45000.0,0.0,0.0,0.0,0.0,0.0,0.0,0.0,0.0,0.0,0.477833834,335,358,362,400,408,512,188,31,
Central Suffolk and North Ipswich,9500.0,0.0,0.0,0.0,0.0,0.0,0.0,0.0,0.0,0.0,0.473981564,399,414,434,302,414,446,202,259,
Chatham and Aylesford,3575.64,0.0,1825.87,0.0,0.0,0.0,0.0,0.0,0.0,0.0,0.452656042,172,186,192,88,246,73,329,217,
Cheadle,33000.0,0.0,0.0,921.22,0.0,0.0,0.0,0.0,0.0,0.0,0.487180024,462,462,408,511,271,249,492,407,
Chelmsford,0.0,0.0,0.0,3131.42,0.0,1932.9,0.0,0.0,0.0,0.0,0.457093555,432,400,403,395,454,321,219,483,
Chelsea and Fulham,22200.0,0.0,2431.8,0.0,0.0,0.0,0.0,0.0,0.0,0.0,0.50164409,306,299,384,516,429,172,76,49,
Cheltenham,63450.0,0.0,0.0,0.0,0.0,863.69,0.0,0.0,0.0,0.0,0.449704083,402,371,359,393,309,314,427,390,
Chesham and Amersham,55450.0,0.0,0.0,0.0,0.0,324.91,0.0,0.0,0.0,0.0,0.485347412,530,521,518,519,532,481,260,518,
Chester South and Eddisbury,30505.35,0.0,0.0,1047.5,0.0,1737.0,0.0,0.0,0.0,0.0,0.585937167,414,451,430,483,377,460,110,191,
Chesterfield,15000.0,0.0,0.0,0.0,0.0,1438.24,0.0,0.0,0.0,0.0,0.478657229,185,160,108,196,46,466,458,502,
Chichester,99643.0,0.0,616.0,416.0,0.0,2160.0,0.0,0.0,0.0,0.0,0.518939576,374,364,358,286,321,413,222,307,
Chingford and Woodford Green,15000.0,0.0,8950.0,0.0,0.0,1975.0,0.0,0.0,0.0,0.0,0.462622969,290,272,326,387,401,179,62,158,
Chippenham,19498.0,0.0,2940.1,1322.42,0.0,0.0,0.0,0.0,0.0,0.0,0.469534233,420,396,385,330,398,490,244,437,
Chipping Barnet,45050.0,0.0,0.0,0.0,0.0,0.0,0.0,0.0,0.0,0.0,0.420207442,408,340,389,512,516,274,72,276,
Chorley,2995.0,0.0,0.0,0.0,0.0,0.0,0.0,0.0,0.0,0.0,0.607609611,304,290,228,339,187,311,486,295,
Christchurch,0.0,0.0,600.0,0.0,0.0,0.0,0.0,0.0,0.0,0.0,0.541234714,449,393,329,335,441,492,327,512,
Cities of London and Westminster,94469.69,0.0,143.32,0.0,0.0,525.0,0.0,0.0,0.0,0.0,0.382818946,337,349,413,515,521,328,208,10,
City of Durham,14000.0,0.0,0.0,0.0,0.0,0.0,0.0,0.0,0.0,0.0,0.50847727,276,271,236,325,138,281,434,521,
Clacton,0.0,0.0,547585.27,4000.0,0.0,11333.2,0.0,0.0,0.0,0.0,0.504481199,42,58,13,29,34,159,337,278,
Clapham and Brixton Hill,14000.0,0.0,1000.0,0.0,0.0,0.0,0.0,0.0,0.0,0.0,0.432516097,160,157,289,456,181,60,92,9,
Colchester,20000.0,0.0,631.38,7180.75,0.0,0.0,0.0,0.0,0.0,0.0,0.417677673,283,273,309,277,249,225,108,430,
Colne Valley,17000.0,0.0,0.0,0.0,0.0,0.0,0.0,0.0,0.0,0.0,0.444531611,340,365,336,431,318,212,399,92,
Congleton,3000.0,0.0,8330.0,0.0,0.0,0.0,0.0,0.0,0.0,0.0,0.551884903,441,430,364,469,320,424,365,436,
Corby and East Northamptonshire,23000.0,0.0,1800.0,0.0,0.0,0.0,0.0,0.0,0.0,0.0,0.500613255,247,280,244,99,211,313,161,461,
Coventry East,13000.0,0.0,0.0,0.0,0.0,1708.0,0.0,0.0,0.0,0.0,0.444128812,57,34,72,53,98,152,242,104,
Coventry North West,5000.0,0.0,0.0,0.0,0.0,540.0,0.0,0.0,0.0,0.0,0.47013263,215,208,221,232,186,243,350,84,
Coventry South,34339.66,0.0,0.0,0.0,0.0,316.0,0.0,0.0,0.0,0.0,0.40586403,249,254,331,283,185,325,259,82,
Cramlington and Killingworth,20750.0,0.0,1084.35,0.0,0.0,0.0,0.0,0.0,0.0,0.0,0.481839366,264,245,183,212,163,322,287,530,
Crawley,22000.0,0.0,656.25,1354.23,0.0,0.0,0.0,0.0,0.0,0.0,0.426160195,285,288,340,137,276,246,102,396,
Crewe and Nantwich,10000.0,0.0,0.0,3469.23,0.0,0.0,0.0,0.0,0.0,0.0,0.536550842,267,297,268,169,204,286,411,226,
Croydon East,0.0,0.0,47219.0,2713.23,0.0,0.0,0.0,0.0,0.0,0.0,0.503500196,211,168,227,259,287,213,40,246,
Croydon South,0.0,0.0,0.0,0.0,0.0,0.0,0.0,0.0,0.0,0.0,0.481447758,422,442,451,503,411,330,46,304,
Croydon West,12000.0,0.0,0.0,0.0,0.0,0.0,0.0,0.0,0.0,0.0,0.48106577,99,93,158,287,218,51,12,66,
Dagenham and Rainham,34321.520000000004,0.0,838.84,0.0,0.0,0.0,0.0,0.0,0.0,0.0,0.497244151,143,136,190,162,264,135,27,187,
Darlington,31500.0,0.0,4971.51,0.0,0.0,0.0,0.0,0.0,0.0,0.0,0.514535481,137,129,102,116,100,63,521,494,
Dartford,0.0,0.0,0.0,0.0,0.0,0.0,0.0,0.0,0.0,0.0,0.478459404,282,345,365,263,328,70,150,161,
Daventry,0.0,0.0,0.0,0.0,0.0,515.68,0.0,0.0,0.0,0.0,0.506614033,424,458,448,345,412,329,178,366,
Derby North,25000.0,0.0,0.0,0.0,0.0,0.0,0.0,0.0,0.0,0.0,0.406867826,205,207,209,142,134,298,333,238,
Derby South,44400.0,0.0,68671.51000000001,0.0,0.0,0.0,0.0,0.0,0.0,0.0,0.365733475,50,35,74,7,65,190,271,185,
Derbyshire Dales,0.0,0.0,0.0,12825.48,0.0,0.0,0.0,0.0,0.0,0.0,0.542990832,459,477,459,426,409,529,225,203,
Dewsbury and Batley,14630.26,0.0,0.0,0.0,0.0,0.0,0.0,0.0,0.0,0.0,0.280531519,51,54,69,17,142,30,340,100,
Didcot and Wantage,65000.0,0.0,4450.0,0.0,0.0,442.54,0.0,0.0,0.0,0.0,0.466606413,501,494,494,383,505,491,302,431,
Doncaster Central,7000.0,0.0,0.0,0.0,0.0,484.0,0.0,0.0,0.0,0.0,0.50742369,93,124,101,36,89,40,407,329,
Doncaster East and the Isle of Axholme,20000.0,0.0,7703.9400000000005,0.0,0.0,960.0,0.0,0.0,0.0,0.0,0.543307003,222,227,177,141,154,165,438,488,
Doncaster North,354000.0,0.0,0.0,0.0,0.0,0.0,0.0,0.0,0.0,0.0,0.49519191,71,102,73,14,83,42,428,418,
Dorking and Horley,94405.49,0.0,752.53,0.0,0.0,0.0,0.0,0.0,0.0,0.0,0.506987007,474,505,491,428,467,383,121,328,
Dover and Deal,32050.0,0.0,3458.38,0.0,0.0,450.0,0.0,0.0,0.0,0.0,0.491229432,202,188,146,151,250,178,254,379,
Droitwich and Evesham,5000.0,0.0,0.0,0.0,0.0,6160.0,0.0,0.0,0.0,0.0,0.573688029,338,380,347,278,406,352,96,236,
Dudley,0.0,0.0,0.0,0.0,0.0,0.0,0.0,0.0,0.0,0.0,0.483937413,83,52,47,45,117,230,510,188,
Dulwich and West Norwood,9000.0,0.0,0.0,0.0,0.0,0.0,0.0,0.0,0.0,0.0,0.428165937,178,151,232,471,266,85,73,34,
Dunstable and Leighton Buzzard,0.0,0.0,0.0,0.0,0.0,0.0,0.0,0.0,0.0,0.0,0.485385912,350,336,371,213,385,195,296,420,
Ealing Central and Acton,0.0,0.0,0.0,0.0,0.0,1250.0,0.0,0.0,0.0,0.0,0.408552701,220,202,285,485,336,170,23,77,
Ealing North,5000.0,0.0,0.0,0.0,0.0,0.0,0.0,0.0,0.0,0.0,0.428582611,197,156,239,390,362,201,13,139,
Ealing Southall,6225.0,0.0,257.17,852.9,0.0,425.0,0.0,0.0,0.0,0.0,0.302533186,179,161,217,361,306,161,22,107,
Earley and Woodley,92000.0,0.0,29780.800000000003,0.0,0.0,570.0,0.0,0.0,0.0,0.0,0.39841459,460,434,474,346,506,462,151,507,
Easington,56454.0,0.0,0.0,0.0,0.0,400.0,0.0,0.0,0.0,0.0,0.555742772,37,43,7,66,17,33,513,531,
East Grinstead and Uckfield,6000.0,0.0,0.0,0.0,0.0,400.0,0.0,0.0,0.0,0.0,0.487333961,510,520,520,452,517,459,193,293,
East Ham,4000.0,0.0,0.0,0.0,0.0,0.0,0.0,0.0,0.0,0.0,0.268777569,113,117,260,271,312,142,2,73,
East Hampshire,17500.0,0.0,0.0,0.0,0.0,0.0,0.0,0.0,0.0,0.0,0.515860262,493,514,497,495,500,411,169,261,
East Surrey,44500.0,0.0,2000.0,0.0,0.0,7182.0,0.0,0.0,0.0,0.0,0.507891048,425,467,463,402,426,217,159,311,
East Thanet,35000.0,0.0,0.0,0.0,0.0,500.0,0.0,0.0,0.0,0.0,0.450625274,55,53,35,54,137,28,270,286,
East Wiltshire,0.0,0.0,0.0,0.0,0.0,0.0,0.0,0.0,0.0,0.0,0.518370252,450,492,504,290,422,448,147,332,
East Worthing and Shoreham,29000.0,0.0,1668.51,0.0,0.0,1000.0,0.0,0.0,0.0,0.0,0.430633488,333,329,300,224,297,386,419,200,
Eastbourne,75041.62,0.0,0.0,0.0,0.0,1425.6,0.0,0.0,0.0,0.0,0.459001239,219,182,142,183,242,271,234,405,
Eastleigh,7000.0,0.0,0.0,695.71,0.0,0.0,0.0,0.0,0.0,0.0,0.456444131,494,480,478,376,469,375,462,400,
Edmonton and Winchmore Hill,7500.0,0.0,0.0,0.0,0.0,0.0,0.0,0.0,0.0,0.0,0.463882405,114,77,164,193,374,150,9,122,
Ellesmere Port and Bromborough,3000.0,0.0,0.0,0.0,0.0,388.0,0.0,0.0,0.0,0.0,0.540317834,166,173,118,165,104,296,502,253,
Eltham and Chislehurst,4000.0,0.0,0.0,0.0,0.0,0.0,0.0,0.0,0.0,0.0,0.478563666,228,201,218,324,333,117,63,228,
Ely and East Cambridgeshire,21500.0,0.0,0.0,650.18,0.0,1552.86,0.0,0.0,0.0,0.0,0.478984346,467,460,480,377,494,470,101,387,
Enfield North,3500.0,0.0,0.0,0.0,0.0,0.0,0.0,0.0,0.0,0.0,0.466963431,126,80,163,215,371,194,10,142,
Epping Forest,0.0,0.0,0.0,0.0,0.0,0.0,0.0,0.0,0.0,0.0,0.482892031,381,353,398,281,460,134,282,349,
Epsom and Ewell,23425.0,0.0,0.0,0.0,0.0,783.9,0.0,0.0,0.0,0.0,0.490218621,515,510,503,496,509,334,305,412,
Erewash,16000.0,0.0,798.67,0.0,0.0,0.0,0.0,0.0,0.0,0.0,0.408132388,250,214,186,112,228,364,531,244,
Erith and Thamesmead,2000.0,0.0,0.0,0.0,0.0,1860.0,0.0,0.0,0.0,0.0,0.50153739,158,106,188,304,273,141,29,245,
Esher and Walton,83496.0,0.0,0.0,0.0,0.0,1347.88,0.0,0.0,0.0,0.0,0.505902127,522,502,517,508,529,326,380,427,
Exeter,2000.0,0.0,0.0,0.0,0.0,889.95,0.0,0.0,0.0,0.0,0.384970894,325,344,338,297,261,349,378,172,
Exmouth and Exeter East,24000.0,0.0,0.0,0.0,0.0,550.0,0.0,0.0,0.0,0.0,0.473146471,417,395,351,340,423,496,417,256,
Fareham and Waterlooville,17200.0,0.0,101700.95999999999,0.0,0.0,2834.0,0.0,0.0,0.0,0.0,0.469248753,426,425,402,336,421,353,359,315,
Farnham and Bordon,11500.0,0.0,2334.03,0.0,0.0,760.0,0.0,0.0,0.0,0.0,0.504506123,517,499,490,466,468,436,332,486,
Faversham and Mid Kent,2000.0,0.0,0.0,0.0,0.0,452.0,0.0,0.0,0.0,0.0,0.48938146,273,303,297,194,334,224,103,255,
Feltham and Heston,31338.58,0.0,0.0,0.0,0.0,0.0,0.0,0.0,0.0,0.0,0.371309696,190,164,278,268,294,154,17,143,
Filton and Bradley Stoke,58732.270000000004,0.0,0.0,0.0,0.0,0.0,0.0,0.0,0.0,0.0,0.414141979,498,478,486,391,485,368,336,514,
Finchley and Golders Green,59710.0,0.0,25207.9,0.0,0.0,0.0,0.0,0.0,0.0,0.0,0.308260721,379,321,394,525,515,233,65,151,
Folkestone and Hythe,8280.0,0.0,25395.81,0.0,0.0,0.0,0.0,0.0,0.0,0.0,0.472144786,150,143,107,132,190,239,187,277,
Forest of Dean,5000.0,0.0,0.0,730.59,0.0,0.0,0.0,0.0,0.0,0.0,0.508688197,312,313,264,211,376,498,194,182,
Frome and East Somerset,30552.86,0.0,0.0,0.0,0.0,0.0,0.0,0.0,0.0,0.0,0.451007629,375,370,352,284,372,358,237,310,
Fylde,7000.0,0.0,0.0,0.0,0.0,0.0,0.0,0.0,0.0,0.0,0.615506855,373,350,252,437,200,444,508,300,
Gainsborough,0.0,0.0,0.0,0.0,0.0,0.0,0.0,0.0,0.0,0.0,0.54713511,257,240,178,264,269,499,189,233,
Gateshead Central and Whickham,6000.0,0.0,1074.32,0.0,0.0,0.0,0.0,0.0,0.0,0.0,0.485675794,104,112,86,157,35,95,401,422,
Gedling,55689.78,0.0,2543.63,71963.95999999999,0.0,0.0,0.0,0.0,0.0,0.0,0.413688032,365,309,243,279,326,372,477,414,
Gillingham and Rainham,35000.0,0.0,1447.21,0.0,0.0,0.0,0.0,0.0,0.0,0.0,0.456202596,207,235,214,177,247,94,356,154,
Glastonbury and Somerton,22000.0,0.0,0.0,1223.38,0.0,0.0,0.0,0.0,0.0,0.0,0.513869708,342,366,348,348,359,408,136,160,
Gloucester,25000.0,0.0,1659.25,0.0,0.0,0.0,0.0,0.0,0.0,0.0,0.469243126,193,197,184,125,141,290,245,391,
Godalming and Ash,0.0,0.0,4000.0,0.0,0.0,5382.95,0.0,0.0,0.0,0.0,0.526492537,506,506,493,455,479,456,253,450,
Goole and Pocklington,0.0,0.0,1000.0,33900.0,0.0,0.0,0.0,0.0,0.0,0.0,0.550965146,454,449,420,315,428,510,367,334,
Gorton and Denton,2500.0,0.0,0.0,0.0,0.0,0.0,0.0,0.0,0.0,0.0,0.389990325,24,29,54,102,20,5,198,78,
Gosport,19500.0,0.0,0.0,50000.0,0.0,7582.5,0.0,0.0,0.0,0.0,0.459178162,292,337,303,153,277,200,355,249,
Grantham and Bourne,17500.0,0.0,0.0,0.0,0.0,0.0,0.0,0.0,0.0,0.0,0.551483456,369,325,315,299,375,501,192,360,
Gravesham,34611.0,0.0,0.0,3107.4700000000003,0.0,0.0,0.0,0.0,0.0,0.0,0.491725835,235,244,242,143,299,32,430,283,
Great Grimsby and Cleethorpes,41219.6,0.0,0.0,0.0,0.0,0.0,0.0,0.0,0.0,0.0,0.421036954,26,26,28,16,102,19,518,89,
Great Yarmouth,0.0,0.0,4643.99,0.0,0.0,500.0,0.0,0.0,0.0,0.0,0.466825737,65,82,39,21,103,236,288,194,
Greenwich and Woolwich,10000.0,0.0,0.0,0.0,0.0,0.0,0.0,0.0,0.0,0.0,0.402312355,176,141,240,418,259,83,38,132,
Guildford,110600.0,0.0,0.0,0.0,0.0,1552.86,0.0,0.0,0.0,0.0,0.469076826,512,513,523,465,503,419,289,393,
Hackney North and Stoke Newington,18000.0,0.0,25090.0,0.0,0.0,1144.0,0.0,0.0,0.0,0.0,0.268465958,86,76,167,326,166,123,8,79,
Hackney South and Shoreditch,0.0,0.0,0.0,0.0,0.0,882.62,0.0,0.0,0.0,0.0,0.34427919,52,47,145,414,136,31,5,48,
Halesowen,11300.0,0.0,0.0,0.0,0.0,0.0,0.0,0.0,0.0,0.0,0.467314777,210,158,160,173,191,317,483,162,
Halifax,9800.0,0.0,1475.23,0.0,0.0,1206.0,0.0,0.0,0.0,0.0,0.384930705,72,84,90,123,139,29,517,39,
Hamble Valley,2500.0,0.0,0.0,0.0,0.0,0.0,0.0,0.0,0.0,0.0,0.480008206,514,519,515,462,488,396,265,439,
Hammersmith and Chiswick,0.0,0.0,0.0,0.0,0.0,0.0,0.0,0.0,0.0,0.0,0.433438584,231,196,241,513,292,153,70,71,
Hampstead and Highgate,61301.0,0.0,0.0,0.0,0.0,1211.0,0.0,0.0,0.0,0.0,0.32365699,356,279,346,504,478,191,280,118,
"Harborough, Oadby and Wigston",0.0,0.0,0.0,0.0,414.0,0.0,0.0,0.0,0.0,0.0,0.408482649,472,429,424,360,388,429,410,498,
Harlow,29000.0,0.0,0.0,0.0,0.0,0.0,0.0,0.0,0.0,0.0,0.462104032,272,241,273,189,262,209,87,523,
Harpenden and Berkhamsted,123500.0,0.0,0.0,0.0,0.0,1183.9,0.0,0.0,0.0,0.0,0.508655574,531,530,532,529,528,425,230,493,
Harrogate and Knaresborough,48500.0,0.0,0.0,0.0,0.0,660.0,0.0,0.0,0.0,0.0,0.534106857,481,476,439,457,395,503,397,296,
Harrow East,24141.0,0.0,0.0,0.0,0.0,0.0,0.0,0.0,0.0,0.0,0.337757077,349,296,418,461,507,276,18,275,
Harrow West,9000.0,0.0,0.0,0.0,0.0,3000.0,0.0,0.0,0.0,0.0,0.353168457,331,230,344,499,481,264,31,251,
Hartlepool,37500.0,0.0,0.0,694.17,0.0,0.0,0.0,0.0,0.0,0.0,0.525190063,43,25,10,104,44,80,476,515,
Harwich and North Essex,26618.5,0.0,650.0,0.0,0.0,500.0,0.0,0.0,0.0,0.0,0.473548479,308,319,302,257,260,336,240,309,
Hastings and Rye,57322.4,0.0,7588.42,0.0,0.0,967.3499999999999,0.0,0.0,0.0,0.0,0.395632388,67,75,57,80,123,136,77,196,
Havant,125407.0,0.0,0.0,0.0,0.0,0.0,0.0,0.0,0.0,0.0,0.448586916,189,200,171,71,203,139,353,289,
Hayes and Harlington,77569.0,0.0,0.0,0.0,0.0,0.0,0.0,0.0,0.0,0.0,0.325142599,171,152,250,220,319,78,30,189,
Hazel Grove,122239.9,0.0,974.69,1444.78,0.0,863.69,0.0,0.0,0.0,0.0,0.510015881,268,284,213,276,158,183,468,313,
Hemel Hempstead,21519.0,0.0,0.0,0.0,0.0,578.26,0.0,0.0,0.0,0.0,0.451368384,344,318,327,233,393,214,215,492,
Hendon,32500.0,0.0,0.0,0.0,0.0,0.0,0.0,0.0,0.0,0.0,0.366666412,266,210,317,445,492,199,19,140,
Henley and Thame,49100.0,0.0,0.0,2394.24,0.0,1675.85,0.0,0.0,0.0,0.0,0.522989532,523,529,529,478,527,500,204,333,
Hereford and South Herefordshire,35000.0,0.0,4860.3,0.0,0.0,0.0,0.0,0.0,0.0,0.0,0.537142028,274,317,288,192,316,418,207,97,
Herne Bay and Sandwich,0.0,0.0,0.0,0.0,0.0,0.0,0.0,0.0,0.0,0.0,0.50972629,259,243,180,246,253,255,252,347,
Hertford and Stortford,0.0,0.0,0.0,0.0,0.0,0.0,0.0,0.0,0.0,0.0,0.477998846,524,498,502,492,526,387,389,500,
Hertsmere,22000.0,0.0,60000.0,0.0,0.0,0.0,0.0,0.0,0.0,0.0,0.426851607,406,389,406,399,452,267,111,448,
Hexham,20250.0,0.0,0.0,0.0,0.0,1660.0,0.0,0.0,0.0,0.0,0.555821051,393,404,354,425,322,477,148,341,
Heywood and Middleton North,14000.0,0.0,750.04,0.0,0.0,850.83,0.0,0.0,0.0,0.0,0.52274134,61,72,55,94,54,17,392,321,
High Peak,16750.0,0.0,0.0,0.0,0.0,0.0,0.0,0.0,0.0,0.0,0.485236708,361,342,280,314,254,472,440,272,
Hinckley and Bosworth,10000.0,0.0,0.0,0.0,0.0,0.0,0.0,0.0,0.0,0.0,0.504018509,394,394,350,210,354,335,413,377,
Hitchin,23000.0,0.0,0.0,0.0,0.0,0.0,0.0,0.0,0.0,0.0,0.436276149,502,484,483,464,482,434,311,415,
Holborn and St Pancras,6000.0,0.0,1674.0,0.0,0.0,72705.8,0.0,0.0,0.0,0.0,0.306288377,180,125,202,413,325,106,220,36,
Honiton and Sidmouth,12000.0,0.0,0.0,0.0,0.0,324.91,0.0,0.0,0.0,0.0,0.510128833,428,411,370,392,447,516,283,232,
Hornsey and Friern Barnet,2000.0,0.0,0.0,0.0,0.0,0.0,0.0,0.0,0.0,0.0,0.341344895,310,292,368,522,379,133,59,94,
Horsham,5000.0,0.0,0.0,7186.5,0.0,0.0,0.0,0.0,0.0,0.0,0.479529462,491,518,499,490,475,464,124,342,
Houghton and Sunderland South,32450.0,0.0,500.0,0.0,0.0,2827.1,0.0,0.0,0.0,0.0,0.548078455,82,62,26,81,50,144,496,533,
Hove and Portslade,113560.0,0.0,0.0,0.0,0.0,2644.0,0.0,0.0,0.0,0.0,0.341369971,307,269,259,394,239,333,263,192,
Huntingdon,0.0,0.0,0.0,0.0,0.0,2500.0,0.0,0.0,0.0,0.0,0.476890601,436,455,450,337,432,412,135,373,
Hyndburn,2000.0,0.0,0.0,0.0,0.0,0.0,0.0,0.0,0.0,0.0,0.501169889,63,92,67,118,25,115,533,26,
Ilford North,118134.0,0.0,8200.0,0.0,0.0,3695.36,0.0,0.0,0.0,0.0,0.291942517,332,260,361,440,459,163,85,207,
Ilford South,0.0,0.0,400.0,0.0,0.0,450.0,0.0,0.0,0.0,0.0,0.259057167,224,145,282,371,402,116,41,156,
Ipswich,56727.3,0.0,0.0,0.0,0.0,880.0,0.0,0.0,0.0,0.0,0.421799338,147,179,169,83,143,119,316,150,
Isle of Wight East,5000.0,0.0,0.0,1942.7600000000002,0.0,0.0,0.0,0.0,0.0,0.0,0.487289231,174,154,98,133,220,282,393,178,
Isle of Wight West,0.0,0.0,0.0,0.0,0.0,651.0,0.0,0.0,0.0,0.0,0.466979134,218,224,168,200,234,365,304,90,
Islington North,88631.29000000001,0.0,0.0,0.0,0.0,75132.04,0.0,0.0,0.0,0.0,0.337084688,120,79,144,449,169,39,80,76,
Islington South and Finsbury,0.0,0.0,1850.0,0.0,0.0,0.0,0.0,0.0,0.0,0.0,0.355298562,141,116,205,406,183,92,61,37,
Jarrow and Gateshead East,22000.0,0.0,0.0,0.0,0.0,360.0,0.0,0.0,0.0,0.0,0.538713184,66,42,31,90,26,122,386,517,
Keighley and Ilkley,13926.11,0.0,0.0,0.0,0.0,450.0,0.0,0.0,0.0,0.0,0.421533508,151,209,185,144,133,155,403,74,
Kenilworth and Southam,16000.0,0.0,0.0,4000.0,0.0,0.0,0.0,0.0,0.0,0.0,0.534003075,492,522,525,518,451,455,109,248,
Kensington and Bayswater,97510.0,0.0,11054.89,0.0,0.0,0.0,0.0,0.0,0.0,0.0,0.451937261,237,264,328,526,518,127,25,19,
Kettering,11500.0,0.0,0.0,0.0,0.0,0.0,0.0,0.0,0.0,0.0,0.473273056,286,282,262,201,243,258,307,376,
Kingston and Surbiton,72750.0,0.0,0.0,0.0,0.0,3882.0,0.0,0.0,0.0,0.0,0.425584405,433,403,469,497,473,341,130,180,
Kingston upon Hull East,5000.0,0.0,0.0,0.0,0.0,0.0,0.0,0.0,0.0,0.0,0.38377656,18,20,24,6,53,61,298,110,
Kingston upon Hull North and Cottingham,0.0,0.0,0.0,0.0,0.0,0.0,0.0,0.0,0.0,0.0,0.418601027,44,69,85,86,95,27,273,80,
Kingston upon Hull West and Haltemprice,27000.0,0.0,0.0,0.0,0.0,0.0,0.0,0.0,0.0,0.0,0.444408453,94,101,89,100,153,125,387,116,
Kingswinford and South Staffordshire,7750.0,0.0,0.0,0.0,0.0,0.0,0.0,0.0,0.0,0.0,0.594840342,461,420,383,409,352,457,474,363,
Knowsley,9650.0,0.0,2279.0,0.0,0.0,450.0,0.0,0.0,0.0,0.0,0.670270617,5,4,2,8,4,175,344,135,
Lancaster and Wyre,23250.0,0.0,0.0,0.0,0.0,0.0,0.0,0.0,0.0,0.0,0.522461119,284,328,319,382,184,359,369,101,
Leeds Central and Headingley,0.0,0.0,0.0,0.0,0.0,5579.0,0.0,0.0,0.0,0.0,0.290592505,159,265,380,254,91,34,405,12,
Leeds East,15000.0,0.0,0.0,0.0,0.0,0.0,0.0,0.0,0.0,0.0,0.452119769,32,61,60,25,76,11,461,57,
Leeds North East,0.0,0.0,0.0,0.0,0.0,0.0,0.0,0.0,0.0,0.0,0.362861302,260,246,225,436,231,112,470,119,
Leeds North West,34000.0,0.0,0.0,0.0,0.0,0.0,0.0,0.0,0.0,0.0,0.486302847,438,464,432,479,315,289,493,174,
Leeds South,0.0,0.0,0.0,0.0,0.0,0.0,0.0,0.0,0.0,0.0,0.426666131,6,16,41,3,31,3,374,6,
Leeds South West and Morley,32500.0,0.0,0.0,1783.54,0.0,0.0,0.0,0.0,0.0,0.0,0.441416125,184,237,210,225,164,79,435,61,
Leeds West and Pudsey,289709.62,0.0,0.0,0.0,0.0,1019.0,0.0,0.0,0.0,0.0,0.404175477,95,144,137,117,120,15,504,29,
Leicester East,8901.0,0.0,0.0,0.0,0.0,0.0,0.0,0.0,0.0,0.0,0.148976792,127,64,147,39,150,232,406,206,
Leicester South,63485.0,0.0,0.0,0.0,0.0,0.0,0.0,0.0,0.0,0.0,0.219087221,112,87,196,57,101,145,404,141,
Leicester West,7500.0,0.0,0.0,0.0,0.0,1500.0,0.0,0.0,0.0,0.0,0.372156593,38,38,103,30,62,12,436,144,
Leigh and Atherton,9000.0,0.0,541.98,0.0,0.0,0.0,0.0,0.0,0.0,0.0,0.597021548,117,123,75,135,87,77,503,337,
Lewes,57060.0,0.0,0.0,1609.6599999999999,0.0,2118.5,0.0,0.0,0.0,0.0,0.4370051,385,359,320,294,394,435,164,389,
Lewisham North,0.0,0.0,0.0,0.0,0.0,476.0,0.0,0.0,0.0,0.0,0.404736698,142,127,229,432,233,97,20,38,
Lewisham West and East Dulwich,0.0,0.0,0.0,0.0,0.0,1350.0,0.0,0.0,0.0,0.0,0.395576039,240,204,274,488,274,185,58,67,
Leyton and Wanstead,10000.0,0.0,0.0,0.0,0.0,760.0,0.0,0.0,0.0,0.0,0.387590089,234,225,341,422,349,160,28,63,
Lichfield,2000.0,0.0,0.0,0.0,0.0,0.0,0.0,0.0,0.0,0.0,0.549698545,440,401,356,378,366,458,382,443,
Lincoln,52600.0,0.0,0.0,0.0,0.0,0.0,0.0,0.0,0.0,0.0,0.431852843,170,175,159,131,130,288,272,406,
Liverpool Garston,3000.0,0.0,0.0,0.0,0.0,0.0,0.0,0.0,0.0,0.0,0.623469778,70,78,48,138,32,245,479,85,
Liverpool Riverside,8000.0,0.0,0.0,0.0,0.0,1396.0,0.0,0.0,0.0,0.0,0.470599727,1,5,14,12,2,23,372,22,
Liverpool Walton,9360.0,0.0,0.0,0.0,0.0,4261.0,0.0,0.0,0.0,0.0,0.671192797,3,6,3,33,3,62,499,18,
Liverpool Wavertree,8000.0,0.0,0.0,0.0,0.0,0.0,0.0,0.0,0.0,0.0,0.49441822,39,68,80,195,15,76,453,3,
Liverpool West Derby,17450.0,0.0,0.0,0.0,0.0,900.0,0.0,0.0,0.0,0.0,0.658242289,10,13,6,70,6,55,501,16,
Loughborough,48948.0,0.0,0.0,0.0,0.0,0.0,0.0,0.0,0.0,0.0,0.411748938,384,363,388,292,342,305,391,344,
Louth and Horncastle,5000.0,0.0,0.0,0.0,0.0,545.44,0.0,0.0,0.0,0.0,0.539478315,161,185,119,176,144,505,162,195,
Lowestoft,55205.0,0.0,0.0,0.0,0.0,0.0,0.0,0.0,0.0,0.0,0.437677818,134,131,82,60,156,242,432,268,
Luton North,5000.0,0.0,0.0,0.0,0.0,850.0,0.0,0.0,0.0,0.0,0.387654961,201,174,223,198,189,164,81,316,
Luton South and South Bedfordshire,7500.0,0.0,0.0,0.0,0.0,0.0,0.0,0.0,0.0,0.0,0.387954558,138,142,219,121,178,109,36,171,
Macclesfield,16000.0,0.0,0.0,5000.0,0.0,0.0,0.0,0.0,0.0,0.0,0.527272918,415,415,342,453,330,395,351,353,
Maidenhead,7000.0,0.0,0.0,1514.1799999999998,0.0,1552.86,0.0,0.0,0.0,0.0,0.489914015,521,517,522,493,511,485,276,453,
Maidstone and Malling,16768.58,0.0,0.0,0.0,1440.0,2247.0,0.0,0.0,0.0,0.0,0.480225054,377,355,374,359,397,278,179,297,
Makerfield,59500.0,0.0,4340.33,0.0,0.0,672.0,0.0,0.0,0.0,0.0,0.652839846,221,217,152,202,121,184,509,479,
Maldon,5000.0,0.0,0.0,0.0,0.0,6160.0,0.0,0.0,0.0,0.0,0.502300552,413,412,397,296,462,402,123,409,
Manchester Central,0.0,0.0,0.0,0.0,0.0,5374.0,0.0,0.0,0.0,0.0,0.392778958,16,48,131,85,11,2,119,45,
Manchester Rusholme,3900.0,0.0,0.0,0.0,0.0,0.0,0.0,0.0,0.0,0.0,0.255812693,30,36,143,204,9,9,93,60,
Manchester Withington,2000.0,0.0,0.0,0.0,0.0,2918.0,0.0,0.0,0.0,0.0,0.313753062,182,253,332,475,67,13,246,99,
Mansfield,35921.2,0.0,2230.77,0.0,0.0,0.0,0.0,0.0,0.0,0.0,0.466641982,121,146,83,48,71,192,384,445,
Melksham and Devizes,10000.0,0.0,0.0,1322.42,0.0,2000.0,0.0,0.0,0.0,0.0,0.49460808,419,413,375,344,420,451,228,374,
Melton and Syston,8500.0,0.0,0.0,0.0,0.0,0.0,0.0,0.0,0.0,0.0,0.477685337,423,427,431,288,389,380,301,314,
Meriden and Solihull East,20000.0,0.0,0.0,0.0,0.0,323.0,0.0,0.0,0.0,0.0,0.51783164,261,231,197,227,313,292,201,471,
Mid Bedfordshire,6400.0,0.0,1407.3000000000002,0.0,0.0,0.0,0.0,0.0,0.0,0.0,0.486192947,507,507,513,442,483,416,278,352,
Mid Buckinghamshire,19500.0,0.0,0.0,0.0,0.0,9081.6,0.0,0.0,0.0,0.0,0.515608863,529,532,531,510,525,528,100,441,
Mid Cheshire,12000.0,0.0,3036.46,0.0,0.0,0.0,0.0,0.0,0.0,0.0,0.543131839,256,248,204,187,173,319,442,346,
Mid Derbyshire,0.0,0.0,1569.29,0.0,0.0,0.0,0.0,0.0,0.0,0.0,0.49764762,482,469,447,415,310,517,426,408,
Mid Dorset and North Poole,22625.0,0.0,0.0,24085.0,0.0,1552.86,0.0,0.0,0.0,0.0,0.496489827,466,465,436,369,416,487,217,467,
Mid Leicestershire,0.0,0.0,0.0,1006.75,0.0,2635.0,0.0,0.0,0.0,0.0,0.431102846,483,473,470,363,445,294,448,423,
Mid Norfolk,0.0,0.0,0.0,27000.0,0.0,4900.0,0.0,0.0,0.0,0.0,0.502999491,311,376,321,163,300,495,79,234,
Mid Sussex,42230.0,0.0,0.0,475.0,0.0,1867.2,0.0,0.0,0.0,0.0,0.477301599,520,511,500,467,522,484,306,477,
Middlesbrough South and East Cleveland,21000.0,0.0,0.0,0.0,0.0,0.0,0.0,0.0,0.0,0.0,0.539557835,128,111,62,179,73,250,398,516,
Middlesbrough and Thornaby East,25000.0,0.0,0.0,0.0,0.0,0.0,0.0,0.0,0.0,0.0,0.431559755,8,2,5,11,7,25,514,380,
Milton Keynes Central,2000.0,0.0,0.0,1024.93,0.0,0.0,0.0,0.0,0.0,0.0,0.429155043,293,277,318,313,282,272,39,503,
Milton Keynes North,25500.0,0.0,4800.0,0.0,0.0,0.0,0.0,0.0,0.0,0.0,0.423595912,353,330,376,327,341,342,75,428,
Mitcham and Morden,0.0,0.0,0.0,0.0,0.0,1200000.0,0.0,0.0,0.0,0.0,0.476341688,277,212,306,385,346,193,160,109,
Morecambe and Lunesdale,15000.0,0.0,2240.14,0.0,0.0,0.0,0.0,0.0,0.0,0.0,0.572374578,204,233,154,256,147,348,439,117,
New Forest East,0.0,0.0,0.0,0.0,0.0,0.0,0.0,0.0,0.0,0.0,0.493869457,403,424,404,317,424,302,167,382,
New Forest West,0.0,0.0,0.0,0.0,0.0,0.0,0.0,0.0,0.0,0.0,0.540397148,437,431,381,423,442,345,191,438,
Newark,799026.71,0.0,0.0,0.0,0.0,0.0,0.0,0.0,0.0,0.0,0.530606029,343,367,307,280,357,410,211,273,
Newbury,36000.0,0.0,0.0,965.66,0.0,1552.86,0.0,0.0,0.0,0.0,0.48437372,478,459,466,362,470,453,309,384,
Newcastle upon Tyne Central and West,35302.5,0.0,0.0,0.0,0.0,3400.0,0.0,0.0,0.0,0.0,0.414397601,35,30,52,43,22,36,357,472,
Newcastle upon Tyne East and Wallsend,2000.0,0.0,0.0,0.0,0.0,0.0,0.0,0.0,0.0,0.0,0.422112958,59,55,70,87,27,65,415,459,
Newcastle upon Tyne North,0.0,0.0,1000.0,0.0,0.0,2500.0,0.0,0.0,0.0,0.0,0.424993676,354,326,322,412,172,301,464,491,
Newcastle-under-Lyme,58100.0,0.0,0.0,0.0,0.0,0.0,0.0,0.0,0.0,0.0,0.509547901,279,285,220,222,162,303,515,317,
Newton Abbot,0.0,0.0,6986.07,3628.68,0.0,1029.62,0.0,0.0,0.0,0.0,0.469819506,327,293,249,308,305,427,363,239,
Newton Aycliffe and Spennymoor,7000.0,0.0,0.0,0.0,0.0,0.0,0.0,0.0,0.0,0.0,0.540342376,135,114,66,159,64,156,487,529,
Normanton and Hemsworth,14000.0,0.0,0.0,0.0,0.0,0.0,0.0,0.0,0.0,0.0,0.515990291,102,140,64,24,90,84,466,489,
North Bedfordshire,7000.0,0.0,4750.0,45000.0,0.0,1065.0,0.0,0.0,0.0,0.0,0.478568756,443,447,452,405,431,420,155,308,
North Cornwall,46795.0,0.0,0.0,7720.87,0.0,0.0,0.0,0.0,0.0,0.0,0.480536507,196,232,201,217,280,511,56,25,
North Cotswolds,0.0,0.0,27111.05,20000.0,0.0,0.0,0.0,0.0,0.0,0.0,0.537613327,456,471,476,446,457,507,105,219,
North Devon,21000.0,0.0,3329.02,2815.0699999999997,0.0,1310.75,0.0,0.0,0.0,0.0,0.466783625,251,287,253,251,223,475,97,126,
North Dorset,4232.0,0.0,0.0,0.0,0.0,0.0,0.0,0.0,0.0,0.0,0.526810155,404,438,427,319,444,513,60,303,
North Durham,19500.0,0.0,1084.62,0.0,0.0,0.0,0.0,0.0,0.0,0.0,0.534347689,156,126,87,186,92,189,489,526,
North East Cambridgeshire,37698.0,0.0,0.0,0.0,0.0,0.0,0.0,0.0,0.0,0.0,0.520735123,155,183,165,38,128,265,181,371,
North East Derbyshire,35000.0,0.0,423.08,0.0,0.0,0.0,0.0,0.0,0.0,0.0,0.507956426,298,259,189,199,194,508,481,468,
North East Hampshire,5500.0,0.0,0.0,0.0,0.0,0.0,0.0,0.0,0.0,0.0,0.502208883,532,533,533,528,531,465,239,501,
North East Hertfordshire,0.0,0.0,56.23,1051.75,0.0,0.0,0.0,0.0,0.0,0.0,0.466498682,444,418,428,384,486,376,213,416,
North East Somerset and Hanham,63800.0,0.0,1559.68,7993.29,0.0,0.0,0.0,0.0,0.0,0.0,0.458359063,477,456,437,322,455,340,422,499,
North Herefordshire,75441.4,0.0,974.67,0.0,0.0,706.6,0.0,0.0,0.0,0.0,0.560874607,299,356,355,351,368,479,48,33,
North Norfolk,38150.69,0.0,702.0,12469.0,0.0,0.0,0.0,0.0,0.0,0.0,0.523272928,242,306,234,214,263,522,44,102,
North Northumberland,2000.0,0.0,0.0,0.0,0.0,0.0,0.0,0.0,0.0,0.0,0.567055647,280,305,199,241,251,399,205,395,
North Shropshire,26450.0,0.0,0.0,0.0,0.0,324.91,0.0,0.0,0.0,0.0,0.570718128,303,315,283,244,340,438,156,157,
North Somerset,6000.0,0.0,1143.94,0.0,0.0,960.0,0.0,0.0,0.0,0.0,0.48177158,518,509,487,476,446,421,320,509,
North Warwickshire and Bedworth,21000.0,0.0,0.0,7579.04,0.0,1290.0,0.0,0.0,0.0,0.0,0.525932569,265,283,248,140,244,241,331,225,
North West Cambridgeshire,0.0,0.0,1132.98,0.0,0.0,0.0,0.0,0.0,0.0,0.0,0.49152943,270,276,286,207,240,218,128,369,
North West Essex,618674.95,0.0,0.0,0.0,0.0,0.0,0.0,0.0,0.0,0.0,0.496173128,487,504,516,458,520,417,68,367,
North West Hampshire,7500.0,0.0,0.0,0.0,0.0,0.0,0.0,0.0,0.0,0.0,0.477045908,435,453,454,331,434,361,180,455,
North West Leicestershire,26519.0,0.0,907.22,1449.42,0.0,1028.26,0.0,0.0,0.0,0.0,0.489647606,383,362,323,226,301,354,431,474,
North West Norfolk,5500.0,0.0,0.0,0.0,0.0,350.0,0.0,0.0,0.0,0.0,0.532841901,167,218,173,59,129,454,143,220,
Northampton North,37636.6,0.0,6477.81,0.0,0.0,1133.0,0.0,0.0,0.0,0.0,0.480661131,133,180,198,98,119,52,176,175,
Northampton South,28891.059999999998,0.0,0.0,0.0,0.0,0.0,0.0,0.0,0.0,0.0,0.493382253,295,324,325,245,214,205,149,478,
Norwich North,48733.0,0.0,0.0,0.0,0.0,0.0,0.0,0.0,0.0,0.0,0.410376169,238,223,193,101,212,344,454,340,
Norwich South,67043.09,0.0,2400.0,0.0,0.0,1209.47,0.0,0.0,0.0,0.0,0.337343673,188,170,203,136,115,238,473,302,
Nottingham East,7000.0,0.0,0.0,0.0,0.0,0.0,0.0,0.0,0.0,0.0,0.322071296,49,74,114,68,55,67,177,51,
Nottingham North and Kimberley,2000.0,0.0,0.0,0.0,0.0,600.0,0.0,0.0,0.0,0.0,0.390129292,33,24,34,20,66,87,268,214,
Nottingham South,2000.0,0.0,0.0,0.0,0.0,1050.0,0.0,0.0,0.0,0.0,0.344031748,107,132,179,72,60,234,166,149,
Nuneaton,18000.0,0.0,0.0,357.9,0.0,0.0,0.0,0.0,0.0,0.0,0.481494884,186,195,162,103,170,158,371,299,
Old Bexley and Sidcup,0.0,0.0,0.0,0.0,0.0,590.0,0.0,0.0,0.0,0.0,0.490711247,446,441,455,357,456,371,235,264,
Oldham East and Saddleworth,3900.0,0.0,0.0,0.0,0.0,0.0,0.0,0.0,0.0,0.0,0.472013774,75,85,94,63,107,35,512,152,
"Oldham West, Chadderton and Royton",2000.0,0.0,0.0,0.0,0.0,0.0,0.0,0.0,0.0,0.0,0.398039706,40,37,45,37,70,18,511,125,
Orpington,0.0,0.0,0.0,0.0,0.0,0.0,0.0,0.0,0.0,0.0,0.495892252,351,314,334,380,465,273,95,368,
Ossett and Denby Dale,40500.0,0.0,0.0,2872.29,0.0,0.0,0.0,0.0,0.0,0.0,0.504446423,366,388,343,341,258,263,408,301,
Oxford East,0.0,0.0,2604.4300000000003,0.0,0.0,755.0,0.0,0.0,0.0,0.0,0.401724901,291,278,363,248,278,251,199,205,
Oxford West and Abingdon,29079.61,0.0,0.0,17637.0,0.0,716.9100000000001,0.0,0.0,0.0,0.0,0.416993685,490,524,528,473,490,474,238,222,
Peckham,37000.0,0.0,0.0,0.0,0.0,0.0,0.0,0.0,0.0,0.0,0.464584702,77,39,128,388,177,43,24,54,
Pendle and Clitheroe,28250.0,0.0,0.0,0.0,0.0,0.0,0.0,0.0,0.0,0.0,0.466262236,152,187,153,148,148,307,525,23,
Penistone and Stocksbridge,52300.0,0.0,0.0,0.0,0.0,0.0,0.0,0.0,0.0,0.0,0.523494984,328,348,270,310,193,248,437,440,
Penrith and Solway,15000.0,0.0,0.0,0.0,0.0,0.0,0.0,0.0,0.0,0.0,0.590390687,305,357,301,247,307,514,196,105,
Peterborough,72025.0,0.0,2645.64,0.0,0.0,0.0,0.0,0.0,0.0,0.0,0.447476999,76,96,122,26,124,57,90,292,
Plymouth Moor View,107992.18,0.0,0.0,0.0,0.0,1389.95,0.0,0.0,0.0,0.0,0.441600652,110,122,81,73,68,277,295,294,
Plymouth Sutton and Devonport,8584.0,0.0,0.0,0.0,0.0,440.9,0.0,0.0,0.0,0.0,0.373877901,73,110,92,172,39,107,414,43,
"Pontefract, Castleford and Knottingley",108592.23999999999,0.0,925.44,0.0,0.0,3555.6,0.0,0.0,0.0,0.0,0.493400059,89,135,78,23,93,53,447,411,
Poole,16000.0,0.0,0.0,678.72,0.0,0.0,0.0,0.0,0.0,0.0,0.476773975,346,312,311,269,303,343,284,392,
Poplar and Limehouse,21000.0,0.0,0.0,0.0,0.0,0.0,0.0,0.0,0.0,0.0,0.252763109,165,100,266,329,245,187,51,129,
Portsmouth North,12000.0,0.0,2742.18,0.0,0.0,1780.0,0.0,0.0,0.0,0.0,0.420914393,164,238,276,127,207,129,285,15,
Portsmouth South,0.0,0.0,0.0,0.0,0.0,1780.0,0.0,0.0,0.0,0.0,0.368888477,118,171,256,154,152,22,267,14,
Preston,4430.0,0.0,0.0,0.0,0.0,1400.0,0.0,0.0,0.0,0.0,0.440888427,58,81,99,96,33,41,500,46,
Putney,5150.0,0.0,0.0,0.0,0.0,0.0,0.0,0.0,0.0,0.0,0.437377603,352,307,423,507,373,261,89,127,
Queen's Park and Maida Vale,6018.52,0.0,1564.88,4862.25,0.0,0.0,0.0,0.0,0.0,0.0,0.385294236,115,49,109,389,327,104,66,69,
Rawmarsh and Conisbrough,65940.29999999999,0.0,0.0,0.0,0.0,0.0,0.0,0.0,0.0,0.0,0.516029789,87,109,65,46,47,74,482,464,
Rayleigh and Wickford,22500.0,0.0,0.0,0.0,0.0,0.0,0.0,0.0,0.0,0.0,0.485912063,496,479,477,274,484,439,334,519,
Reading Central,15675.0,0.0,0.0,0.0,0.0,0.0,0.0,0.0,0.0,0.0,0.38787983,316,335,409,379,289,252,106,169,
Reading West and Mid Berkshire,20000.0,0.0,2762.23,0.0,0.0,3300.0,0.0,0.0,0.0,0.0,0.48147837,421,417,445,354,436,391,200,356,
Redcar,49000.0,0.0,2950.35,0.0,0.0,900.0,0.0,0.0,0.0,0.0,0.51909739,74,63,19,120,38,169,484,513,
Redditch,20500.0,0.0,2500.0,0.0,0.0,0.0,0.0,0.0,0.0,0.0,0.500900737,230,255,237,161,182,284,57,480,
Reigate,5000.0,0.0,0.0,1180.0,0.0,551.0,0.0,0.0,0.0,0.0,0.497660366,488,497,496,477,458,346,231,370,
Ribble Valley,5000.0,0.0,677.86,0.0,0.0,302.0,0.0,0.0,0.0,0.0,0.637014986,442,489,426,505,293,463,358,183,
Richmond Park,15800.0,0.0,0.0,0.0,0.0,1050.0,0.0,0.0,0.0,0.0,0.444063722,504,483,511,532,530,320,354,145,
Richmond and Northallerton,4719.25,0.0,0.0,0.0,0.0,11496.0,0.0,0.0,0.0,0.0,0.577536084,434,475,464,316,443,530,125,288,
Rochdale,9000.0,0.0,0.0,0.0,0.0,0.0,0.0,0.0,0.0,0.0,0.384636315,29,28,27,77,36,14,322,229,
Rochester and Strood,37000.0,0.0,1335.47,0.0,0.0,0.0,0.0,0.0,0.0,0.0,0.447079832,217,236,226,160,252,102,317,186,
Romford,27800.0,0.0,0.0,0.0,0.0,8123.6,0.0,0.0,0.0,0.0,0.511000887,341,323,369,235,405,207,216,284,
Romsey and Southampton North,22550.0,0.0,0.0,0.0,0.0,3520.0,0.0,0.0,0.0,0.0,0.494513741,407,468,485,427,404,356,116,170,
Rossendale and Darwen,15000.0,0.0,0.0,5436.92,0.0,0.0,0.0,0.0,0.0,0.0,0.523139428,157,176,135,205,127,203,451,148,
Rother Valley,30500.0,0.0,52070.0,0.0,0.0,1250.0,0.0,0.0,0.0,0.0,0.519525969,212,222,157,180,106,177,497,457,
Rotherham,0.0,0.0,0.0,0.0,0.0,0.0,0.0,0.0,0.0,0.0,0.44420932,36,40,25,22,24,59,495,312,
Rugby,15000.0,0.0,0.0,0.0,0.0,0.0,0.0,0.0,0.0,0.0,0.504602082,389,375,378,333,348,268,294,330,
"Ruislip, Northwood and Pinner",20000.0,0.0,0.0,0.0,0.0,3000.0,0.0,0.0,0.0,0.0,0.396259287,485,445,472,521,480,357,117,410,
Runcorn and Helsby,5000.0,0.0,0.0,0.0,0.0,0.0,0.0,0.0,0.0,0.0,0.542921565,122,128,76,166,96,269,360,305,
Runnymede and Weybridge,6868.0,0.0,0.0,0.0,0.0,1550.0,0.0,0.0,0.0,0.0,0.534059637,468,481,506,443,502,312,112,322,
Rushcliffe,18000.0,0.0,0.0,7623.0,0.0,0.0,0.0,0.0,0.0,0.0,0.43368482,528,503,481,524,514,506,471,447,
Rutland and Stamford,12500.0,0.0,1000.0,0.0,0.0,1582.0,0.0,0.0,0.0,0.0,0.545278014,500,495,488,482,495,524,152,399,
Salford,52188.0,0.0,0.0,0.0,0.0,0.0,0.0,0.0,0.0,0.0,0.446259474,27,46,68,58,8,26,274,137,
Salisbury,0.0,0.0,0.0,0.0,0.0,0.0,0.0,0.0,0.0,0.0,0.53207796,396,428,414,404,417,366,107,215,
Scarborough and Whitby,43625.0,0.0,10923.74,0.0,0.0,0.0,0.0,0.0,0.0,0.0,0.523861462,144,163,117,122,125,406,339,121,
Scunthorpe,28000.0,0.0,0.0,0.0,0.0,0.0,0.0,0.0,0.0,0.0,0.502550972,154,155,139,67,145,138,485,388,
Sefton Central,12000.0,0.0,0.0,0.0,0.0,1800.0,0.0,0.0,0.0,0.0,0.688160199,391,369,245,472,180,403,519,365,
Selby,33700.0,0.0,0.0,0.0,0.0,896.0,0.0,0.0,0.0,0.0,0.534138218,395,390,339,252,347,442,388,403,
Sevenoaks,18270.0,0.0,0.0,0.0,0.0,4702.0,0.0,0.0,0.0,0.0,0.517140157,431,443,460,417,501,219,185,327,
Sheffield Central,5000.0,0.0,0.0,0.0,0.0,2000.0,0.0,0.0,0.0,0.0,0.250786592,252,334,441,321,159,162,290,55,
Sheffield Hallam,31570.0,0.0,0.0,0.0,0.0,0.0,0.0,0.0,0.0,0.0,0.422269789,526,525,510,530,364,423,478,429,
Sheffield Heeley,65308.33,0.0,0.0,0.0,0.0,1580.0,0.0,0.0,0.0,0.0,0.396617804,48,44,42,40,74,54,409,291,
Sheffield South East,0.0,0.0,0.0,0.0,0.0,400.0,0.0,0.0,0.0,0.0,0.414760226,116,113,111,51,97,121,377,385,
Sherwood Forest,23000.0,0.0,835.63,21166.0,0.0,0.0,0.0,0.0,0.0,0.0,0.462635388,248,249,161,119,198,316,396,485,
Shipley,44000.0,0.0,1450.0,0.0,0.0,0.0,0.0,0.0,0.0,0.0,0.463375829,288,339,294,365,197,108,491,136,
Shrewsbury,11600.0,0.0,0.0,0.0,0.0,0.0,0.0,0.0,0.0,0.0,0.506707421,339,327,308,320,314,393,303,262,
Sittingbourne and Sheppey,0.0,0.0,1198.26,0.0,0.0,0.0,0.0,0.0,0.0,0.0,0.46762348,111,130,116,32,167,89,250,324,
Skipton and Ripon,17500.010000000002,0.0,0.0,0.0,0.0,1125.0,0.0,0.0,0.0,0.0,0.559584324,429,486,456,438,425,525,233,91,
Sleaford and North Hykeham,0.0,0.0,713.4,25203.6,0.0,700.0,0.0,0.0,0.0,0.0,0.534317948,448,402,357,403,418,533,310,417,
Slough,41500.0,0.0,0.0,0.0,0.0,895.0,0.0,0.0,0.0,0.0,0.311534407,209,228,324,260,215,126,21,221,
Smethwick,0.0,0.0,0.0,0.0,0.0,0.0,0.0,0.0,0.0,0.0,0.357787545,53,31,79,65,88,198,297,20,
Solihull West and Shirley,4133.92,0.0,38606.67,0.0,0.0,0.0,0.0,0.0,0.0,0.0,0.499090535,469,454,444,480,383,370,315,383,
South Basildon and East Thurrock,0.0,0.0,2136.35,0.0,0.0,0.0,0.0,0.0,0.0,0.0,0.480313409,206,211,211,61,281,120,251,432,
South Cambridgeshire,51698.96,0.0,0.0,1574.5,0.0,600.0,0.0,0.0,0.0,0.0,0.458403233,509,515,507,509,512,450,131,359,
South Cotswolds,44816.0,0.0,0.0,0.0,0.0,0.0,0.0,0.0,0.0,0.0,0.538608017,480,493,505,460,476,519,91,257,
South Derbyshire,75500.0,0.0,0.0,0.0,0.0,0.0,0.0,0.0,0.0,0.0,0.473402288,372,385,349,230,290,443,314,290,
South Devon,53709.0,0.0,0.0,0.0,0.0,1552.86,0.0,0.0,0.0,0.0,0.474550667,278,242,208,349,323,467,224,163,
South Dorset,1932.0,0.0,0.0,4098.780000000001,0.0,0.0,0.0,0.0,0.0,0.0,0.484236934,227,257,170,174,155,377,195,306,
South East Cornwall,2000.0,0.0,0.0,0.0,0.0,0.0,0.0,0.0,0.0,0.0,0.485514815,233,258,212,312,219,471,138,44,
South Holland and The Deepings,22100.0,0.0,0.0,121713.6,0.0,0.0,0.0,0.0,0.0,0.0,0.580698197,329,331,313,106,331,494,214,424,
South Leicestershire,11987.8,0.0,0.0,0.0,0.0,700.0,0.0,0.0,0.0,0.0,0.478386792,511,496,489,375,463,433,455,482,
South Norfolk,2610.0,0.0,0.0,0.0,0.0,0.0,0.0,0.0,0.0,0.0,0.461511032,457,444,440,410,453,515,172,279,
South Northamptonshire,7200.0,0.0,4825.59,0.0,0.0,3636.0,0.0,0.0,0.0,0.0,0.503224663,525,526,524,451,499,473,328,434,
South Ribble,22000.0,0.0,0.0,2261.26,0.0,0.0,0.0,0.0,0.0,0.0,0.627341259,392,383,335,401,248,373,506,247,
South Shields,0.0,0.0,0.0,0.0,0.0,0.0,0.0,0.0,0.0,0.0,0.512210782,84,51,23,158,59,149,445,524,
South Shropshire,22360.0,0.0,0.0,0.0,0.0,810.0,0.0,0.0,0.0,0.0,0.588355486,309,381,387,356,403,482,49,27,
South West Devon,17000.0,0.0,0.0,2260.0,0.0,1949.95,0.0,0.0,0.0,0.0,0.497762425,463,466,390,468,302,526,366,282,
South West Hertfordshire,18984.13,0.0,0.0,0.0,0.0,200.0,0.0,0.0,0.0,0.0,0.477452831,495,463,484,433,513,390,258,496,
South West Norfolk,0.0,0.0,303.49,0.0,0.0,0.0,0.0,0.0,0.0,0.0,0.499237084,226,289,255,49,199,432,132,250,
South West Wiltshire,2000.0,0.0,8171.09,0.0,0.0,0.0,0.0,0.0,0.0,0.0,0.483608079,336,343,312,231,391,332,174,355,
Southampton Itchen,27705.85,0.0,0.0,3037.37,0.0,0.0,0.0,0.0,0.0,0.0,0.404066836,136,190,230,129,105,24,348,98,
Southampton Test,35000.0,0.0,0.0,32437.0,0.0,0.0,0.0,0.0,0.0,0.0,0.401427628,123,191,238,156,109,10,335,70,
Southend East and Rochford,36133.53,0.0,0.0,0.0,0.0,0.0,0.0,0.0,0.0,0.0,0.420776207,129,103,113,97,202,101,299,335,
Southend West and Leigh,5000.0,0.0,747.5,0.0,0.0,0.0,0.0,0.0,0.0,0.0,0.431416596,326,275,281,249,296,285,412,345,
Southgate and Wood Green,0.0,0.0,0.0,0.0,0.0,350.0,0.0,0.0,0.0,0.0,0.449366399,195,159,258,396,390,148,16,111,
Southport,41500.0,0.0,0.0,0.0,0.0,0.0,0.0,0.0,0.0,0.0,0.594293989,246,229,155,367,122,397,520,184,
Spelthorne,0.0,0.0,0.0,0.0,0.0,2000.0,0.0,0.0,0.0,0.0,0.509271041,378,416,443,293,415,244,99,197,
Spen Valley,22700.6,0.0,0.0,0.0,0.0,1799.2,0.0,0.0,0.0,0.0,0.472564437,236,263,233,223,224,88,424,120,
St Albans,53680.96,0.0,0.0,0.0,0.0,6541.3099999999995,0.0,0.0,0.0,0.0,0.447544789,499,470,467,520,519,293,266,446,
St Austell and Newquay,0.0,0.0,1269.69,0.0,0.0,0.0,0.0,0.0,0.0,0.0,0.440950328,175,189,136,190,206,430,262,65,
St Helens North,0.0,0.0,0.0,0.0,0.0,1800.0,0.0,0.0,0.0,0.0,0.623342784,91,95,40,128,23,221,498,358,
St Ives,68000.0,0.0,0.0,1530.66,0.0,0.0,0.0,0.0,0.0,0.0,0.460562441,181,203,187,355,267,489,122,1,
St Neots and Mid Cambridgeshire,25750.0,0.0,0.0,0.0,0.0,1560.0,0.0,0.0,0.0,0.0,0.431902897,497,488,492,439,487,379,243,476,
Stafford,20000.0,0.0,0.0,0.0,0.0,0.0,0.0,0.0,0.0,0.0,0.524326783,380,382,316,353,304,405,318,348,
Staffordshire Moorlands,12000.0,0.0,1050.0,0.0,0.0,10400.0,0.0,0.0,0.0,0.0,0.588358149,360,386,304,285,324,441,308,241,
Stalybridge and Hyde,4950.0,0.0,0.0,0.0,0.0,1269.28,0.0,0.0,0.0,0.0,0.469138719,100,115,88,152,61,71,423,212,
Stevenage,13000.0,0.0,0.0,0.0,0.0,0.0,0.0,0.0,0.0,0.0,0.440723403,294,267,269,206,317,223,170,462,
Stockport,18320.84,0.0,0.0,0.0,0.0,550.0,0.0,0.0,0.0,0.0,0.431717599,92,99,97,146,72,44,490,146,
Stockton North,16000.0,0.0,28034.61,0.0,0.0,0.0,0.0,0.0,0.0,0.0,0.481587974,45,32,18,56,18,197,463,506,
Stockton West,23000.0,0.0,0.0,0.0,0.0,0.0,0.0,0.0,0.0,0.0,0.557892317,445,432,360,481,222,426,370,528,
Stoke-on-Trent Central,40000.0,0.0,0.0,0.0,0.0,0.0,0.0,0.0,0.0,0.0,0.438635015,34,59,51,28,13,72,456,128,
Stoke-on-Trent North,20000.0,0.0,0.0,1000.0,0.0,0.0,0.0,0.0,0.0,0.0,0.473215176,78,94,77,47,40,118,450,258,
Stoke-on-Trent South,17000.0,0.0,0.0,0.0,0.0,0.0,0.0,0.0,0.0,0.0,0.526288496,162,194,126,114,112,259,402,386,
"Stone, Great Wyrley and Penkridge",5000.0,0.0,0.0,60000.0,0.0,760.0,0.0,0.0,0.0,0.0,0.579316436,410,410,396,352,353,428,281,287,
Stourbridge,20000.0,0.0,797.77,0.0,0.0,0.0,0.0,0.0,0.0,0.0,0.480729896,183,147,130,150,179,283,472,181,
Stratford and Bow,7000.0,0.0,2345.8,0.0,0.0,0.0,0.0,0.0,0.0,0.0,0.296728679,119,120,272,368,230,47,7,64,
Stratford-on-Avon,10700.0,0.0,310.53,1861.6200000000001,0.0,643.0,0.0,0.0,0.0,0.0,0.570959803,447,457,458,474,430,400,127,210,
Streatham and Croydon North,175200.0,0.0,0.0,0.0,0.0,3667.1,0.0,0.0,0.0,0.0,0.464799541,208,199,292,444,291,114,47,30,
Stretford and Urmston,0.0,0.0,0.0,0.0,0.0,2000.0,0.0,0.0,0.0,0.0,0.463426617,200,150,134,323,157,240,460,193,
Stroud,10000.0,0.0,1250.0,0.0,0.0,0.0,0.0,0.0,0.0,0.0,0.465471095,471,407,382,416,410,518,376,426,
Suffolk Coastal,2000.0,0.0,0.0,0.0,0.0,450.0,0.0,0.0,0.0,0.0,0.492492654,357,384,330,240,345,449,321,173,
Sunderland Central,0.0,0.0,0.0,0.0,0.0,0.0,0.0,0.0,0.0,0.0,0.528019874,88,71,44,167,49,48,522,508,
Surrey Heath,9000.0,0.0,0.0,5569.0,0.0,0.0,0.0,0.0,0.0,0.0,0.499638231,519,523,526,459,493,469,223,487,
Sussex Weald,0.0,0.0,0.0,0.0,0.0,3265.0,0.0,0.0,0.0,0.0,0.492153626,430,435,449,370,508,486,104,235,
Sutton Coldfield,32501.0,0.0,0.0,0.0,0.0,0.0,0.0,0.0,0.0,0.0,0.524936908,409,452,407,506,265,452,142,164,
Sutton and Cheam,25500.0,0.0,0.0,7844.67,0.0,1552.86,0.0,0.0,0.0,0.0,0.456936679,475,436,475,486,450,369,248,263,
Swindon North,11000.0,0.0,0.0,0.0,0.0,0.0,0.0,0.0,0.0,0.0,0.455796379,296,310,314,155,257,211,347,460,
Swindon South,29000.0,0.0,0.0,0.0,0.0,0.0,0.0,0.0,0.0,0.0,0.468174338,271,256,296,184,237,151,361,326,
Tamworth,26000.0,0.0,0.0,0.0,0.0,0.0,0.0,0.0,0.0,0.0,0.502809548,281,274,271,149,225,275,277,463,
Tatton,0.0,0.0,3692.2999999999997,0.0,0.0,335.0,0.0,0.0,0.0,0.0,0.551084635,486,491,462,502,407,431,324,354,
Taunton and Wellington,50354.0,0.0,2154.48,0.0,0.0,0.0,0.0,0.0,0.0,0.0,0.48493105,300,320,275,307,268,279,184,265,
Telford,29450.0,0.0,1810.0,3057.38,0.0,1238.0,0.0,0.0,0.0,0.0,0.451116412,105,83,91,75,108,105,338,510,
Tewkesbury,8000.0,0.0,0.0,0.0,0.0,0.0,0.0,0.0,0.0,0.0,0.50728703,439,437,442,334,378,483,206,425,
The Wrekin,9500.0,0.0,8000.0,23883.33,0.0,0.0,0.0,0.0,0.0,0.0,0.519779956,301,298,290,267,217,351,249,394,
Thirsk and Malton,4999.0,0.0,0.0,0.0,0.0,1800.0,0.0,0.0,0.0,0.0,0.583159417,364,398,400,275,399,531,141,112,
Thornbury and Yate,12500.0,0.0,0.0,1405.32,0.0,2352.8599999999997,0.0,0.0,0.0,0.0,0.476890478,473,487,468,347,489,392,232,421,
Thurrock,30450.0,0.0,0.0,0.0,0.0,0.0,0.0,0.0,0.0,0.0,0.522580912,216,184,261,113,311,131,120,323,
Tipton and Wednesbury,17000.0,0.0,3065.14,0.0,0.0,0.0,0.0,0.0,0.0,0.0,0.451133822,25,22,32,5,45,130,349,75,
Tiverton and Minehead,11514.61,0.0,0.0,500.0,0.0,1675.85,0.0,0.0,0.0,0.0,0.49938091,275,322,287,234,360,461,86,72,
Tonbridge,326805.49,0.0,0.0,0.0,0.0,509.02,0.0,0.0,0.0,0.0,0.501465823,427,433,446,397,477,295,163,298,
Tooting,13950.0,0.0,8080.0,0.0,0.0,0.0,0.0,0.0,0.0,0.0,0.405361321,321,295,410,514,344,196,82,87,
Torbay,28392.0,0.0,0.0,0.0,0.0,1552.86,0.0,0.0,0.0,0.0,0.481719524,106,91,50,181,113,208,300,201,
Torridge and Tavistock,0.0,0.0,826664.17,293400.0,0.0,0.0,0.0,0.0,0.0,0.0,0.49421169,225,266,224,236,235,509,83,53,
Tottenham,192173.55,0.0,33660.0,0.0,0.0,4800.0,0.0,0.0,0.0,0.0,0.409951789,47,33,115,178,229,20,11,68,
Truro and Falmouth,34240.0,0.0,0.0,933.86,0.0,0.0,0.0,0.0,0.0,0.0,0.436797842,302,302,284,419,295,502,157,62,
Tunbridge Wells,145786.4,0.0,513.28,0.0,0.0,1183.9,0.0,0.0,0.0,0.0,0.49318005,470,448,453,429,474,384,313,281,
Twickenham,114760.0,0.0,0.0,0.0,0.0,3256.37,0.0,0.0,0.0,0.0,0.44668561,503,490,495,531,524,308,379,176,
Uxbridge and South Ruislip,23500.0,0.0,2392.03,0.0,0.0,0.0,0.0,0.0,0.0,0.0,0.430187946,368,354,429,386,369,226,84,269,
Vauxhall and Camberwell Green,2000.0,0.0,0.0,0.0,0.0,0.0,0.0,0.0,0.0,0.0,0.452960931,130,118,200,447,192,99,45,7,
Wakefield and Rothwell,18375.0,0.0,500.0,0.0,0.0,0.0,0.0,0.0,0.0,0.0,0.458487772,148,166,133,91,131,93,425,270,
Wallasey,0.0,0.0,0.0,0.0,0.0,0.0,0.0,0.0,0.0,0.0,0.520060144,56,65,33,175,14,168,532,81,
Walsall and Bloxwich,0.0,0.0,0.0,0.0,0.0,0.0,0.0,0.0,0.0,0.0,0.380334996,15,8,16,2,56,103,345,93,
Walthamstow,7000.0,0.0,820.9200000000001,0.0,0.0,0.0,0.0,0.0,0.0,0.0,0.350694756,139,121,216,318,284,90,15,56,
Warrington North,10000.0,0.0,0.0,0.0,0.0,1500.0,0.0,0.0,0.0,0.0,0.568337731,194,206,150,191,114,227,421,285,
Warrington South,28000.0,0.0,2465.61,0.0,0.0,0.0,0.0,0.0,0.0,0.0,0.567484361,348,352,299,364,210,360,375,357,
Warwick and Leamington,0.0,0.0,0.0,0.0,0.0,0.0,0.0,0.0,0.0,0.0,0.417492391,412,406,412,434,308,262,346,320,
Washington and Gateshead South,0.0,0.0,0.0,0.0,0.0,358.8,0.0,0.0,0.0,0.0,0.518278819,108,86,56,78,63,220,383,527,
Watford,32500.0,0.0,3286.23,0.0,0.0,0.0,0.0,0.0,0.0,0.0,0.442961969,371,360,393,420,365,204,144,230,
Waveney Valley,214375.0,0.0,0.0,0.0,0.0,1037.79,0.0,0.0,0.0,0.0,0.508872586,320,392,367,301,433,468,42,96,
Weald of Kent,7200.0,0.0,0.0,0.0,0.0,400.0,0.0,0.0,0.0,0.0,0.538157455,345,397,417,332,448,323,53,134,
Wellingborough and Rushden,11946.25,0.0,0.0,0.0,0.0,0.0,0.0,0.0,0.0,0.0,0.458483016,244,234,231,95,255,228,326,442,
Wells and Mendip Hills,26500.0,0.0,0.0,15500.0,0.0,0.0,0.0,0.0,0.0,0.0,0.506669977,416,423,391,411,387,409,183,260,
Welwyn Hatfield,53244.05,0.0,0.0,6179.66,0.0,0.0,0.0,0.0,0.0,0.0,0.465591209,388,377,415,343,358,297,115,452,
West Bromwich,39500.0,0.0,0.0,0.0,0.0,0.0,0.0,0.0,0.0,0.0,0.398519227,81,73,96,89,116,171,261,58,
West Dorset,56765.74,0.0,0.0,0.0,0.0,0.0,0.0,0.0,0.0,0.0,0.527076121,347,379,337,374,355,478,118,131,
West Ham and Beckton,0.0,0.0,0.0,0.0,0.0,0.0,0.0,0.0,0.0,0.0,0.448825668,85,90,206,295,216,86,1,123,
West Lancashire,0.0,0.0,0.0,0.0,0.0,0.0,0.0,0.0,0.0,0.0,0.606991378,269,213,172,255,238,388,323,397,
West Suffolk,71500.0,0.0,0.0,145000.0,0.0,400.0,0.0,0.0,0.0,0.0,0.4819633,315,405,411,147,339,331,33,362,
West Worcestershire,0.0,0.0,0.0,0.0,465.0,390.0,0.0,0.0,0.0,0.0,0.548562469,362,374,333,424,427,407,88,147,
Westmorland and Lonsdale,141249.2,0.0,0.0,0.0,0.0,1427.41,0.0,0.0,0.0,0.0,0.555120492,401,485,457,381,413,521,175,47,
Weston-super-Mare,2100.0,0.0,1046.2,0.0,0.0,0.0,0.0,0.0,0.0,0.0,0.445864933,173,153,110,168,188,173,390,481,
Wetherby and Easingwold,4999.0,0.0,0.0,0.0,0.0,0.0,0.0,0.0,0.0,0.0,0.587503278,489,528,519,487,439,504,145,211,
Whitehaven and Workington,71000.0,0.0,0.0,0.0,0.0,0.0,0.0,0.0,0.0,0.0,0.63861301,146,193,105,82,85,415,373,319,
Widnes and Halewood,5000.0,0.0,0.0,0.0,0.0,500.0,0.0,0.0,0.0,0.0,0.648085208,98,108,71,139,41,182,459,213,
Wigan,57000.08,0.0,0.0,0.0,0.0,0.0,0.0,0.0,0.0,0.0,0.637849175,124,138,95,108,75,111,488,435,
Wimbledon,49628.0,0.0,0.0,1001.17,0.0,1552.86,0.0,0.0,0.0,0.0,0.46327699,508,482,527,533,504,378,291,133,
Winchester,89705.0,0.0,0.0,0.0,0.0,1475.85,0.0,0.0,0.0,0.0,0.490221157,505,512,508,501,510,437,210,325,
Windsor,23554.0,0.0,19590.0,8750.0,0.0,675.0,0.0,0.0,0.0,0.0,0.480279238,464,474,512,441,472,309,168,372,
Wirral West,17000.0,0.0,3012.12,0.0,0.0,0.0,0.0,0.0,0.0,0.0,0.609337308,382,361,257,494,160,497,505,339,
Witham,208900.0,0.0,0.0,0.0,0.0,4670.0,0.0,0.0,0.0,0.0,0.487415395,411,399,386,289,363,367,279,419,
Witney,24000.0,0.0,0.0,0.0,0.0,0.0,0.0,0.0,0.0,0.0,0.50939264,516,501,509,398,498,523,236,484,
Woking,45710.7,0.0,0.0,3762.46,0.0,0.0,0.0,0.0,0.0,0.0,0.475885822,476,472,473,463,440,338,186,413,
Wokingham,70700.0,0.0,0.0,0.0,0.0,1552.9,0.0,0.0,0.0,0.0,0.480468313,533,531,530,527,533,520,203,520,
Wolverhampton North East,35000.0,0.0,0.0,0.0,0.0,0.0,0.0,0.0,0.0,0.0,0.486146457,69,41,59,62,84,216,341,138,
Wolverhampton South East,10000.0,0.0,0.0,0.0,0.0,5620.0,0.0,0.0,0.0,0.0,0.417405029,23,10,17,10,69,98,293,124,
Wolverhampton West,14801.27,0.0,0.0,0.0,0.0,0.0,0.0,0.0,0.0,0.0,0.416510585,149,98,106,229,140,327,319,190,
Worcester,20459.64,0.0,1149.4,0.0,0.0,0.0,0.0,0.0,0.0,0.0,0.488634941,255,261,251,253,241,229,325,159,
Worsley and Eccles,3000.0,0.0,14566.67,4795.65,0.0,0.0,0.0,0.0,0.0,0.0,0.544804884,153,169,132,218,82,157,444,252,
Worthing West,8700.0,0.0,1700.0,22000.0,0.0,0.0,0.0,0.0,0.0,0.0,0.46824426,324,333,254,282,270,394,362,202,
Wycombe,19675.0,0.0,2975.86,0.0,0.0,0.0,0.0,0.0,0.0,0.0,0.403827337,397,338,372,306,471,382,126,458,
Wyre Forest,0.0,0.0,7000.0,11000.0,0.0,0.0,0.0,0.0,0.0,0.0,0.533230978,214,219,182,170,272,231,171,204,
Wythenshawe and Sale East,0.0,0.0,0.0,0.0,0.0,0.0,0.0,0.0,0.0,0.0,0.478288925,46,56,58,134,21,68,286,227,
Yeovil,30500.0,0.0,0.0,1291.67,0.0,863.69,0.0,0.0,0.0,0.0,0.519919141,287,308,263,216,279,300,256,237,
York Central,9000.0,0.0,0.0,0.0,0.0,0.0,0.0,0.0,0.0,0.0,0.374951954,370,372,422,238,285,401,441,198,
York Outer,32221.75,0.0,1661.51,0.0,0.0,0.0,0.0,0.0,0.0,0.0,0.513618677,527,527,501,491,419,532,420,473,
